{"root":[{"assemblyName":"AstarPathfindingProject","nameSpace":"","className":"__JobReflectionRegistrationOutput__2953442928","methodName":"EarlyInit","loadTypes":2,"isUnityClass":false},{"assemblyName":"AstarPathfindingProject","nameSpace":"","className":"$BurstDirectCallInitializer","methodName":"Initialize","loadTypes":2,"isUnityClass":false},{"assemblyName":"Drawing","nameSpace":"","className":"__JobReflectionRegistrationOutput__1125896454","methodName":"EarlyInit","loadTypes":2,"isUnityClass":false},{"assemblyName":"Drawing","nameSpace":"","className":"$BurstDirectCallInitializer","methodName":"Initialize","loadTypes":2,"isUnityClass":false},{"assemblyName":"Unity.Collections","nameSpace":"","className":"__JobReflectionRegistrationOutput__2393072536","methodName":"EarlyInit","loadTypes":2,"isUnityClass":true},{"assemblyName":"Unity.Collections","nameSpace":"","className":"$BurstDirectCallInitializer","methodName":"Initialize","loadTypes":2,"isUnityClass":true},{"assemblyName":"Unity.RenderPipelines.Core.Runtime","nameSpace":"UnityEngine.Experimental.Rendering","className":"XRSystem","methodName":"XRSystemInit","loadTypes":3,"isUnityClass":true},{"assemblyName":"Unity.RenderPipelines.Core.Runtime","nameSpace":"UnityEngine.Rendering","className":"DebugUpdater","methodName":"RuntimeInit","loadTypes":0,"isUnityClass":true},{"assemblyName":"Unity.RenderPipelines.Universal.Runtime","nameSpace":"","className":"__JobReflectionRegistrationOutput__2800616379","methodName":"EarlyInit","loadTypes":2,"isUnityClass":true}]}
